1 Maxx Coffee,Nothing says good morning better than with a cup of good coffee!,34522
2 Starbucks Coffee,Nothing says good morning better than with a cup of good coffee!,34522
3 Giyanti Coffee Roastery,Nothing says good morning better than with a cup of good coffee!,34522
4 1/15 Coffee,Nothing says good morning better than with a cup of good coffee!,34522
5 Tanamera Coffee,Nothing says good morning better than with a cup of good coffee!,34522
6 Trafique Coffee,Nothing says good morning better than with a cup of good coffee!,34522
7 Lucky Cat Coffee & Kitchen,Nothing says good morning better than with a cup of good coffee!,34522
8 Bakoel Koffie,Nothing says good morning better than with a cup of good coffee!,34522
9 Anomali Coffee,Nothing says good morning better than with a cup of good coffee!,34522
10 Common Grounds,Nothing says good morning better than with a cup of good coffee!,34522
11 Beau By Talita Setyadi,Nothing says good morning better than with a cup of good coffee!,34522
12 Six Ounces Coffee,Nothing says good morning better than with a cup of good coffee!,34522
13 Maxx Coffee,Nothing says good morning better than with a cup of good coffee!,34522
14 Starbucks Coffee,Nothing says good morning better than with a cup of good coffee!,34522
15 Giyanti Coffee Roastery,Nothing says good morning better than with a cup of good coffee!,34522
16 1/15 Coffee,Nothing says good morning better than with a cup of good coffee!,34522
17 Tanamera Coffee,Nothing says good morning better than with a cup of good coffee!,34522
18 Trafique Coffee,Nothing says good morning better than with a cup of good coffee!,34522
19 Lucky Cat Coffee & Kitchen,Nothing says good morning better than with a cup of good coffee!,34522
20 Bakoel Koffie,Nothing says good morning better than with a cup of good coffee!,34522
21 Anomali Coffee,Nothing says good morning better than with a cup of good coffee!,34522
22 Common Grounds,Nothing says good morning better than with a cup of good coffee!,34522
23 Beau By Talita Setyadi,Nothing says good morning better than with a cup of good coffee!,34522
24 Six Ounces Coffee,Nothing says good morning better than with a cup of good coffee!,34522
25 Maxx Coffee,Nothing says good morning better than with a cup of good coffee!,34522
26 Starbucks Coffee,Nothing says good morning better than with a cup of good coffee!,34522
27 Giyanti Coffee Roastery,Nothing says good morning better than with a cup of good coffee!,34522
28 1/15 Coffee,Nothing says good morning better than with a cup of good coffee!,34522
29 Tanamera Coffee,Nothing says good morning better than with a cup of good coffee!,34522
30 Trafique Coffee,Nothing says good morning better than with a cup of good coffee!,34522
31 Lucky Cat Coffee & Kitchen,Nothing says good morning better than with a cup of good coffee!,34522
32 Bakoel Koffie,Nothing says good morning better than with a cup of good coffee!,34522
33 Anomali Coffee,Nothing says good morning better than with a cup of good coffee!,34522
34 Common Grounds,Nothing says good morning better than with a cup of good coffee!,34522
35 Beau By Talita Setyadi,Nothing says good morning better than with a cup of good coffee!,34522
36 Six Ounces Coffee,Nothing says good morning better than with a cup of good coffee!,34522
37 Maxx Coffee,Nothing says good morning better than with a cup of good coffee!,34522
38 Starbucks Coffee,Nothing says good morning better than with a cup of good coffee!,34522
39 Giyanti Coffee Roastery,Nothing says good morning better than with a cup of good coffee!,34522
40 1/15 Coffee,Nothing says good morning better than with a cup of good coffee!,34522
41 Tanamera Coffee,Nothing says good morning better than with a cup of good coffee!,34522
42 Trafique Coffee,Nothing says good morning better than with a cup of good coffee!,34522
43 Lucky Cat Coffee & Kitchen,Nothing says good morning better than with a cup of good coffee!,34522
44 Bakoel Koffie,Nothing says good morning better than with a cup of good coffee!,34522
45 Anomali Coffee,Nothing says good morning better than with a cup of good coffee!,34522
46 Common Grounds,Nothing says good morning better than with a cup of good coffee!,34522
47 Beau By Talita Setyadi,Nothing says good morning better than with a cup of good coffee!,34522
48 Six Ounces Coffee,Nothing says good morning better than with a cup of good coffee!,34522
49 Maxx Coffee,Nothing says good morning better than with a cup of good coffee!,34522
50 Starbucks Coffee,Nothing says good morning better than with a cup of good coffee!,34522
51 Giyanti Coffee Roastery,Nothing says good morning better than with a cup of good coffee!,34522
52 1/15 Coffee,Nothing says good morning better than with a cup of good coffee!,34522
53 Tanamera Coffee,Nothing says good morning better than with a cup of good coffee!,34522
54 Trafique Coffee,Nothing says good morning better than with a cup of good coffee!,34522
55 Lucky Cat Coffee & Kitchen,Nothing says good morning better than with a cup of good coffee!,34522
56 Bakoel Koffie,Nothing says good morning better than with a cup of good coffee!,34522
57 Anomali Coffee,Nothing says good morning better than with a cup of good coffee!,34522
58 Common Grounds,Nothing says good morning better than with a cup of good coffee!,34522
59 Beau By Talita Setyadi,Nothing says good morning better than with a cup of good coffee!,34522
60 Six Ounces Coffee,Nothing says good morning better than with a cup of good coffee!,34522
61 Maxx Coffee,Nothing says good morning better than with a cup of good coffee!,34522
62 Starbucks Coffee,Nothing says good morning better than with a cup of good coffee!,34522
63 Giyanti Coffee Roastery,Nothing says good morning better than with a cup of good coffee!,34522
64 1/15 Coffee,Nothing says good morning better than with a cup of good coffee!,34522
65 Tanamera Coffee,Nothing says good morning better than with a cup of good coffee!,34522
66 Trafique Coffee,Nothing says good morning better than with a cup of good coffee!,34522
67 Lucky Cat Coffee & Kitchen,Nothing says good morning better than with a cup of good coffee!,34522
68 Bakoel Koffie,Nothing says good morning better than with a cup of good coffee!,34522
69 Anomali Coffee,Nothing says good morning better than with a cup of good coffee!,34522
70 Common Grounds,Nothing says good morning better than with a cup of good coffee!,34522
71 Beau By Talita Setyadi,Nothing says good morning better than with a cup of good coffee!,34522
72 Six Ounces Coffee,Nothing says good morning better than with a cup of good coffee!,34522
73 Maxx Coffee,Nothing says good morning better than with a cup of good coffee!,34522
74 Starbucks Coffee,Nothing says good morning better than with a cup of good coffee!,34522
75 Giyanti Coffee Roastery,Nothing says good morning better than with a cup of good coffee!,34522
76 1/15 Coffee,Nothing says good morning better than with a cup of good coffee!,34522
77 Tanamera Coffee,Nothing says good morning better than with a cup of good coffee!,34522
78 Trafique Coffee,Nothing says good morning better than with a cup of good coffee!,34522
79 Lucky Cat Coffee & Kitchen,Nothing says good morning better than with a cup of good coffee!,34522
80 Bakoel Koffie,Nothing says good morning better than with a cup of good coffee!,34522
81 Anomali Coffee,Nothing says good morning better than with a cup of good coffee!,34522
82 Common Grounds,Nothing says good morning better than with a cup of good coffee!,34522
83 Beau By Talita Setyadi,Nothing says good morning better than with a cup of good coffee!,34522
84 Six Ounces Coffee,Nothing says good morning better than with a cup of good coffee!,34522
85 Maxx Coffee,Nothing says good morning better than with a cup of good coffee!,34522
86 Starbucks Coffee,Nothing says good morning better than with a cup of good coffee!,34522
87 Giyanti Coffee Roastery,Nothing says good morning better than with a cup of good coffee!,34522
88 1/15 Coffee,Nothing says good morning better than with a cup of good coffee!,34522
89 Tanamera Coffee,Nothing says good morning better than with a cup of good coffee!,34522
90 Trafique Coffee,Nothing says good morning better than with a cup of good coffee!,34522
91 Lucky Cat Coffee & Kitchen,Nothing says good morning better than with a cup of good coffee!,34522
92 Bakoel Koffie,Nothing says good morning better than with a cup of good coffee!,34522
93 Anomali Coffee,Nothing says good morning better than with a cup of good coffee!,34522
94 Common Grounds,Nothing says good morning better than with a cup of good coffee!,34522
95 Beau By Talita Setyadi,Nothing says good morning better than with a cup of good coffee!,34522
96 Six Ounces Coffee,Nothing says good morning better than with a cup of good coffee!,34522
97 Maxx Coffee,Nothing says good morning better than with a cup of good coffee!,34522
98 Starbucks Coffee,Nothing says good morning better than with a cup of good coffee!,34522
99 Giyanti Coffee Roastery,Nothing says good morning better than with a cup of good coffee!,34522
100 1/15 Coffee,Nothing says good morning better than with a cup of good coffee!,34522
101 Tanamera Coffee,Nothing says good morning better than with a cup of good coffee!,34522
102 Trafique Coffee,Nothing says good morning better than with a cup of good coffee!,34522
103 Lucky Cat Coffee & Kitchen,Nothing says good morning better than with a cup of good coffee!,34522
104 Bakoel Koffie,Nothing says good morning better than with a cup of good coffee!,34522
105 Anomali Coffee,Nothing says good morning better than with a cup of good coffee!,34522
106 Common Grounds,Nothing says good morning better than with a cup of good coffee!,34522
107 Beau By Talita Setyadi,Nothing says good morning better than with a cup of good coffee!,34522
108 Six Ounces Coffee,Nothing says good morning better than with a cup of good coffee!,34522
109 Maxx Coffee,Nothing says good morning better than with a cup of good coffee!,34522
110 Starbucks Coffee,Nothing says good morning better than with a cup of good coffee!,34522
111 Giyanti Coffee Roastery,Nothing says good morning better than with a cup of good coffee!,34522
112 1/15 Coffee,Nothing says good morning better than with a cup of good coffee!,34522
113 Tanamera Coffee,Nothing says good morning better than with a cup of good coffee!,34522
114 Trafique Coffee,Nothing says good morning better than with a cup of good coffee!,34522
115 Lucky Cat Coffee & Kitchen,Nothing says good morning better than with a cup of good coffee!,34522
116 Bakoel Koffie,Nothing says good morning better than with a cup of good coffee!,34522
117 Anomali Coffee,Nothing says good morning better than with a cup of good coffee!,34522
118 Common Grounds,Nothing says good morning better than with a cup of good coffee!,34522
119 Beau By Talita Setyadi,Nothing says good morning better than with a cup of good coffee!,34522
120 Six Ounces Coffee,Nothing says good morning better than with a cup of good coffee!,34522
121 Maxx Coffee,Nothing says good morning better than with a cup of good coffee!,34522
122 Starbucks Coffee,Nothing says good morning better than with a cup of good coffee!,34522
123 Giyanti Coffee Roastery,Nothing says good morning better than with a cup of good coffee!,34522
124 1/15 Coffee,Nothing says good morning better than with a cup of good coffee!,34522
125 Tanamera Coffee,Nothing says good morning better than with a cup of good coffee!,34522
126 Trafique Coffee,Nothing says good morning better than with a cup of good coffee!,34522
127 Lucky Cat Coffee & Kitchen,Nothing says good morning better than with a cup of good coffee!,34522
128 Bakoel Koffie,Nothing says good morning better than with a cup of good coffee!,34522
129 Anomali Coffee,Nothing says good morning better than with a cup of good coffee!,34522
130 Common Grounds,Nothing says good morning better than with a cup of good coffee!,34522
131 Beau By Talita Setyadi,Nothing says good morning better than with a cup of good coffee!,34522
132 Six Ounces Coffee,Nothing says good morning better than with a cup of good coffee!,34522
133 Maxx Coffee,Nothing says good morning better than with a cup of good coffee!,34522
134 Starbucks Coffee,Nothing says good morning better than with a cup of good coffee!,34522
135 Giyanti Coffee Roastery,Nothing says good morning better than with a cup of good coffee!,34522
136 1/15 Coffee,Nothing says good morning better than with a cup of good coffee!,34522
137 Tanamera Coffee,Nothing says good morning better than with a cup of good coffee!,34522
138 Trafique Coffee,Nothing says good morning better than with a cup of good coffee!,34522
139 Lucky Cat Coffee & Kitchen,Nothing says good morning better than with a cup of good coffee!,34522
140 Bakoel Koffie,Nothing says good morning better than with a cup of good coffee!,34522
141 Anomali Coffee,Nothing says good morning better than with a cup of good coffee!,34522
142 Common Grounds,Nothing says good morning better than with a cup of good coffee!,34522
143 Beau By Talita Setyadi,Nothing says good morning better than with a cup of good coffee!,34522
144 Six Ounces Coffee,Nothing says good morning better than with a cup of good coffee!,34522
145 Maxx Coffee,Nothing says good morning better than with a cup of good coffee!,34522
146 Starbucks Coffee,Nothing says good morning better than with a cup of good coffee!,34522
147 Giyanti Coffee Roastery,Nothing says good morning better than with a cup of good coffee!,34522
148 1/15 Coffee,Nothing says good morning better than with a cup of good coffee!,34522
149 Tanamera Coffee,Nothing says good morning better than with a cup of good coffee!,34522
150 Trafique Coffee,Nothing says good morning better than with a cup of good coffee!,34522
151 Lucky Cat Coffee & Kitchen,Nothing says good morning better than with a cup of good coffee!,34522
152 Bakoel Koffie,Nothing says good morning better than with a cup of good coffee!,34522
153 Anomali Coffee,Nothing says good morning better than with a cup of good coffee!,34522
154 Common Grounds,Nothing says good morning better than with a cup of good coffee!,34522
155 Beau By Talita Setyadi,Nothing says good morning better than with a cup of good coffee!,34522
156 Six Ounces Coffee,Nothing says good morning better than with a cup of good coffee!,34522
157 Maxx Coffee,Nothing says good morning better than with a cup of good coffee!,34522
158 Starbucks Coffee,Nothing says good morning better than with a cup of good coffee!,34522
159 Giyanti Coffee Roastery,Nothing says good morning better than with a cup of good coffee!,34522
160 1/15 Coffee,Nothing says good morning better than with a cup of good coffee!,34522
161 Tanamera Coffee,Nothing says good morning better than with a cup of good coffee!,34522
162 Trafique Coffee,Nothing says good morning better than with a cup of good coffee!,34522
163 Lucky Cat Coffee & Kitchen,Nothing says good morning better than with a cup of good coffee!,34522
164 Bakoel Koffie,Nothing says good morning better than with a cup of good coffee!,34522
165 Anomali Coffee,Nothing says good morning better than with a cup of good coffee!,34522
166 Common Grounds,Nothing says good morning better than with a cup of good coffee!,34522
167 Beau By Talita Setyadi,Nothing says good morning better than with a cup of good coffee!,34522
168 Six Ounces Coffee,Nothing says good morning better than with a cup of good coffee!,34522
169 Maxx Coffee,Nothing says good morning better than with a cup of good coffee!,34522
170 Starbucks Coffee,Nothing says good morning better than with a cup of good coffee!,34522
171 Giyanti Coffee Roastery,Nothing says good morning better than with a cup of good coffee!,34522
172 1/15 Coffee,Nothing says good morning better than with a cup of good coffee!,34522
173 Tanamera Coffee,Nothing says good morning better than with a cup of good coffee!,34522
174 Trafique Coffee,Nothing says good morning better than with a cup of good coffee!,34522
175 Lucky Cat Coffee & Kitchen,Nothing says good morning better than with a cup of good coffee!,34522
176 Bakoel Koffie,Nothing says good morning better than with a cup of good coffee!,34522
177 Anomali Coffee,Nothing says good morning better than with a cup of good coffee!,34522
178 Common Grounds,Nothing says good morning better than with a cup of good coffee!,34522
179 Beau By Talita Setyadi,Nothing says good morning better than with a cup of good coffee!,34522
180 Six Ounces Coffee,Nothing says good morning better than with a cup of good coffee!,34522
181 Maxx Coffee,Nothing says good morning better than with a cup of good coffee!,34522
182 Starbucks Coffee,Nothing says good morning better than with a cup of good coffee!,34522
183 Giyanti Coffee Roastery,Nothing says good morning better than with a cup of good coffee!,34522
184 1/15 Coffee,Nothing says good morning better than with a cup of good coffee!,34522
185 Tanamera Coffee,Nothing says good morning better than with a cup of good coffee!,34522
186 Trafique Coffee,Nothing says good morning better than with a cup of good coffee!,34522
187 Lucky Cat Coffee & Kitchen,Nothing says good morning better than with a cup of good coffee!,34522
188 Bakoel Koffie,Nothing says good morning better than with a cup of good coffee!,34522
189 Anomali Coffee,Nothing says good morning better than with a cup of good coffee!,34522
190 Common Grounds,Nothing says good morning better than with a cup of good coffee!,34522
191 Beau By Talita Setyadi,Nothing says good morning better than with a cup of good coffee!,34522
192 Six Ounces Coffee,Nothing says good morning better than with a cup of good coffee!,34522
193 Maxx Coffee,Nothing says good morning better than with a cup of good coffee!,34522
194 Starbucks Coffee,Nothing says good morning better than with a cup of good coffee!,34522
195 Giyanti Coffee Roastery,Nothing says good morning better than with a cup of good coffee!,34522
196 1/15 Coffee,Nothing says good morning better than with a cup of good coffee!,34522
197 Tanamera Coffee,Nothing says good morning better than with a cup of good coffee!,34522
198 Trafique Coffee,Nothing says good morning better than with a cup of good coffee!,34522
199 Lucky Cat Coffee & Kitchen,Nothing says good morning better than with a cup of good coffee!,34522
200 Bakoel Koffie,Nothing says good morning better than with a cup of good coffee!,34522
201 Anomali Coffee,Nothing says good morning better than with a cup of good coffee!,34522
202 Common Grounds,Nothing says good morning better than with a cup of good coffee!,34522
203 Beau By Talita Setyadi,Nothing says good morning better than with a cup of good coffee!,34522
204 Six Ounces Coffee,Nothing says good morning better than with a cup of good coffee!,34522
205 Maxx Coffee,Nothing says good morning better than with a cup of good coffee!,34522
206 Starbucks Coffee,Nothing says good morning better than with a cup of good coffee!,34522
207 Giyanti Coffee Roastery,Nothing says good morning better than with a cup of good coffee!,34522
208 1/15 Coffee,Nothing says good morning better than with a cup of good coffee!,34522
209 Tanamera Coffee,Nothing says good morning better than with a cup of good coffee!,34522
210 Trafique Coffee,Nothing says good morning better than with a cup of good coffee!,34522
211 Lucky Cat Coffee & Kitchen,Nothing says good morning better than with a cup of good coffee!,34522
212 Bakoel Koffie,Nothing says good morning better than with a cup of good coffee!,34522
213 Anomali Coffee,Nothing says good morning better than with a cup of good coffee!,34522
214 Common Grounds,Nothing says good morning better than with a cup of good coffee!,34522
215 Beau By Talita Setyadi,Nothing says good morning better than with a cup of good coffee!,34522
216 Six Ounces Coffee,Nothing says good morning better than with a cup of good coffee!,34522
217 Maxx Coffee,Nothing says good morning better than with a cup of good coffee!,34522
218 Starbucks Coffee,Nothing says good morning better than with a cup of good coffee!,34522
219 Giyanti Coffee Roastery,Nothing says good morning better than with a cup of good coffee!,34522
220 1/15 Coffee,Nothing says good morning better than with a cup of good coffee!,34522
221 Tanamera Coffee,Nothing says good morning better than with a cup of good coffee!,34522
222 Trafique Coffee,Nothing says good morning better than with a cup of good coffee!,34522
223 Lucky Cat Coffee & Kitchen,Nothing says good morning better than with a cup of good coffee!,34522
224 Bakoel Koffie,Nothing says good morning better than with a cup of good coffee!,34522
225 Anomali Coffee,Nothing says good morning better than with a cup of good coffee!,34522
226 Common Grounds,Nothing says good morning better than with a cup of good coffee!,34522
227 Beau By Talita Setyadi,Nothing says good morning better than with a cup of good coffee!,34522
228 Six Ounces Coffee,Nothing says good morning better than with a cup of good coffee!,34522
229 Maxx Coffee,Nothing says good morning better than with a cup of good coffee!,34522
230 Starbucks Coffee,Nothing says good morning better than with a cup of good coffee!,34522
231 Giyanti Coffee Roastery,Nothing says good morning better than with a cup of good coffee!,34522
232 1/15 Coffee,Nothing says good morning better than with a cup of good coffee!,34522
233 Tanamera Coffee,Nothing says good morning better than with a cup of good coffee!,34522
234 Trafique Coffee,Nothing says good morning better than with a cup of good coffee!,34522
235 Lucky Cat Coffee & Kitchen,Nothing says good morning better than with a cup of good coffee!,34522
236 Bakoel Koffie,Nothing says good morning better than with a cup of good coffee!,34522
237 Anomali Coffee,Nothing says good morning better than with a cup of good coffee!,34522
238 Common Grounds,Nothing says good morning better than with a cup of good coffee!,34522
239 Beau By Talita Setyadi,Nothing says good morning better than with a cup of good coffee!,34522
240 Six Ounces Coffee,Nothing says good morning better than with a cup of good coffee!,34522